{"0": 9.51917552947998, "1": 9.121371269226074, "2": 8.860025405883789, "3": 8.893465995788574, "4": 11.43353271484375, "5": 9.164040565490723, "6": 8.299400329589844, "7": 10.285785675048828, "8": 8.95063304901123, "9": 8.327906608581543, "10": 10.339149475097656, "11": 9.165485382080078, "12": 10.046685218811035, "13": 8.49706745147705, "14": 9.008780479431152, "15": 9.422515869140625, "16": 8.894909858703613, "17": 9.462985038757324, "18": 10.72026252746582, "19": 8.55131721496582, "20": 9.66416072845459, "21": 9.238814353942871, "22": 8.798670768737793, "23": 11.478476524353027, "24": 10.083047866821289, "25": 9.121955871582031, "26": 9.24840259552002, "27": 8.349649429321289, "28": 9.152957916259766, "29": 9.730557441711426, "30": 9.433178901672363, "31": 9.91797161102295, "32": 9.302029609680176, "33": 9.06360149383545, "34": 10.343219757080078, "35": 9.004348754882812, "36": 10.982383728027344, "37": 9.114944458007812, "38": 11.161904335021973, "39": 9.868362426757812, "40": 9.392173767089844, "41": 10.884746551513672, "42": 10.962369918823242, "43": 10.112797737121582, "44": 9.376701354980469, "45": 11.80422592163086, "46": 8.589353561401367, "47": 8.683579444885254, "48": 10.681955337524414, "49": 9.149842262268066}