{"0": 613.113525390625, "1": 709.536865234375, "2": 695.532470703125, "3": 633.5001220703125, "4": 685.468994140625, "5": 650.7614135742188, "6": 721.8380737304688, "7": 711.4369506835938, "8": 648.1280517578125, "9": 580.098388671875, "10": 717.5308227539062, "11": 647.4132690429688, "12": 675.189453125, "13": 657.970703125, "14": 705.115234375, "15": 689.620361328125, "16": 700.0783081054688, "17": 717.302490234375, "18": 721.6991577148438, "19": 684.7874145507812, "20": 701.564453125, "21": 590.7744140625, "22": 628.0674438476562, "23": 617.0248413085938, "24": 700.667236328125, "25": 663.6948852539062, "26": 720.8857421875, "27": 709.4932861328125, "28": 688.9929809570312, "29": 704.6804809570312, "30": 810.0324096679688, "31": 692.7064819335938, "32": 709.93603515625, "33": 613.6065673828125, "34": 707.6661987304688, "35": 729.0203857421875, "36": 754.9642944335938, "37": 711.326904296875, "38": 677.89697265625, "39": 631.12451171875, "40": 667.6320190429688, "41": 604.0999145507812, "42": 667.4985961914062, "43": 686.13623046875, "44": 796.2380981445312, "45": 742.1301879882812, "46": 755.2055053710938, "47": 689.7083129882812, "48": 689.4326171875, "49": 770.7484741210938}