{"0": 688.7877197265625, "1": 767.1544799804688, "2": 620.1690673828125, "3": 689.6024169921875, "4": 731.219970703125, "5": 654.8087768554688, "6": 700.2561645507812, "7": 720.584228515625, "8": 658.1926879882812, "9": 592.1255493164062, "10": 600.4509887695312, "11": 646.0377807617188, "12": 605.1600952148438, "13": 749.697265625, "14": 692.5463256835938, "15": 772.2265625, "16": 731.84326171875, "17": 664.8346557617188, "18": 636.1511840820312, "19": 649.55322265625, "20": 669.84375, "21": 592.9500122070312, "22": 687.7060546875, "23": 747.744140625, "24": 691.9812622070312, "25": 612.8432006835938, "26": 757.299560546875, "27": 646.0476684570312, "28": 644.2523803710938, "29": 678.3032836914062, "30": 778.796142578125, "31": 673.0509033203125, "32": 645.015625, "33": 706.5731811523438, "34": 714.95947265625, "35": 731.145263671875, "36": 726.836181640625, "37": 651.7560424804688, "38": 743.3925170898438, "39": 729.0243530273438, "40": 689.1688232421875, "41": 689.1227416992188, "42": 634.5170288085938, "43": 571.6414184570312, "44": 705.6831665039062, "45": 645.5661010742188, "46": 635.8683471679688, "47": 702.70068359375, "48": 686.6851806640625, "49": 660.7435913085938}