{"0": 9.311005592346191, "1": 8.597606658935547, "2": 10.258346557617188, "3": 9.946341514587402, "4": 8.820629119873047, "5": 9.622160911560059, "6": 9.843205451965332, "7": 9.41529369354248, "8": 8.557254791259766, "9": 9.813591003417969, "10": 9.145222663879395, "11": 9.062529563903809, "12": 9.120755195617676, "13": 9.048773765563965, "14": 9.411035537719727, "15": 9.753303527832031, "16": 8.961606979370117, "17": 8.440740585327148, "18": 9.781156539916992, "19": 11.560297012329102, "20": 8.625964164733887, "21": 10.615628242492676, "22": 9.73663330078125, "23": 8.52800178527832, "24": 9.116106986999512, "25": 9.010480880737305, "26": 9.583096504211426, "27": 10.203531265258789, "28": 9.227222442626953, "29": 9.495442390441895, "30": 8.5786771774292, "31": 8.802699089050293, "32": 10.216475486755371, "33": 9.197466850280762, "34": 8.923206329345703, "35": 8.531765937805176, "36": 9.718133926391602, "37": 11.18068790435791, "38": 9.026473045349121, "39": 9.364068031311035, "40": 8.635818481445312, "41": 8.726191520690918, "42": 9.851178169250488, "43": 9.513336181640625, "44": 9.942079544067383, "45": 8.818012237548828, "46": 9.134893417358398, "47": 10.395455360412598, "48": 9.978045463562012, "49": 9.700876235961914}