{"0": 8.049553871154785, "1": 6.289620399475098, "2": 8.82456111907959, "3": 6.5517897605896, "4": 6.0292534828186035, "5": 6.779336929321289, "6": 6.620462417602539, "7": 6.7090744972229, "8": 6.339733600616455, "9": 6.032567977905273, "10": 8.913691520690918, "11": 7.054286479949951, "12": 6.739721775054932, "13": 6.784117698669434, "14": 7.8651509284973145, "15": 6.737695693969727, "16": 6.978439807891846, "17": 6.029210090637207, "18": 6.898075580596924, "19": 6.930631637573242, "20": 6.806965351104736, "21": 7.349841594696045, "22": 6.434037685394287, "23": 7.115800380706787, "24": 6.726358413696289, "25": 6.443587303161621, "26": 5.764338970184326, "27": 7.8723530769348145, "28": 6.305511474609375, "29": 6.761071681976318, "30": 6.803142547607422, "31": 7.728126049041748, "32": 8.615440368652344, "33": 7.739272594451904, "34": 6.635838031768799, "35": 6.2485809326171875, "36": 7.24366569519043, "37": 8.195684432983398, "38": 7.48109769821167, "39": 6.550430774688721, "40": 6.443885326385498, "41": 5.795996189117432, "42": 6.694098949432373, "43": 5.98836088180542, "44": 5.811474800109863, "45": 5.9145402908325195, "46": 8.305142402648926, "47": 6.4481072425842285, "48": 7.832050800323486, "49": 6.571966171264648}