{"0": 48.46632385253906, "1": 36.41362762451172, "2": 29.722007751464844, "3": 22.146869659423828, "4": 23.51117515563965, "5": 22.637617111206055, "6": 20.533132553100586, "7": 18.444944381713867, "8": 17.440410614013672, "9": 15.900544166564941, "10": 16.712636947631836, "11": 14.04594612121582, "12": 16.987638473510742, "13": 15.98719596862793, "14": 16.989727020263672, "15": 16.38265037536621, "16": 16.981639862060547, "17": 13.83591079711914, "18": 15.22834300994873, "19": 11.159537315368652, "20": 15.141526222229004, "21": 15.84089183807373, "22": 15.730311393737793, "23": 11.09543228149414, "24": 15.656907081604004, "25": 13.601045608520508, "26": 17.70029640197754, "27": 17.578712463378906, "28": 15.744422912597656, "29": 15.060211181640625, "30": 13.636374473571777, "31": 17.38905906677246, "32": 15.911885261535645, "33": 17.647716522216797, "34": 15.076632499694824, "35": 17.50019073486328, "36": 15.652047157287598, "37": 16.02457618713379, "38": 15.710107803344727, "39": 15.109831809997559, "40": 17.689973831176758, "41": 17.631057739257812, "42": 11.002364158630371, "43": 15.787747383117676, "44": 13.608556747436523, "45": 15.70520305633545, "46": 16.79956817626953, "47": 15.213940620422363, "48": 15.749611854553223, "49": 15.770368576049805}