{"0": 211.14581298828125, "1": 278.9620666503906, "2": 224.19273376464844, "3": 238.47860717773438, "4": 187.1824188232422, "5": 193.93150329589844, "6": 249.33914184570312, "7": 249.15550231933594, "8": 245.4678955078125, "9": 264.6964416503906, "10": 324.3828125, "11": 214.98179626464844, "12": 240.30319213867188, "13": 257.16790771484375, "14": 299.26123046875, "15": 235.33937072753906, "16": 275.1163635253906, "17": 233.3019561767578, "18": 321.533447265625, "19": 300.6163635253906, "20": 272.99957275390625, "21": 206.1243896484375, "22": 291.4934997558594, "23": 207.57159423828125, "24": 241.83705139160156, "25": 287.8065490722656, "26": 301.033447265625, "27": 232.6377716064453, "28": 206.13223266601562, "29": 244.01869201660156, "30": 236.85069274902344, "31": 213.91542053222656, "32": 235.50352478027344, "33": 269.0005798339844, "34": 286.5981140136719, "35": 258.9676513671875, "36": 218.3571319580078, "37": 212.6839599609375, "38": 250.02919006347656, "39": 228.6490020751953, "40": 253.18280029296875, "41": 259.5118713378906, "42": 247.82632446289062, "43": 229.1260528564453, "44": 286.1270446777344, "45": 321.86627197265625, "46": 281.8610534667969, "47": 222.50917053222656, "48": 250.69097900390625, "49": 259.62896728515625}