{
    "0": 261.8744201660156,
    "1": 251.37107849121094,
    "2": 386.4700012207031,
    "3": 318.4461364746094,
    "4": 267.6342468261719,
    "5": 286.3416442871094,
    "6": 261.1114807128906,
    "7": 230.17861938476562,
    "8": 202.03977966308594,
    "9": 310.4097595214844,
    "10": 315.7872619628906,
    "11": 209.09178161621094,
    "12": 233.50857543945312,
    "13": 304.7885437011719,
    "14": 215.4556427001953,
    "15": 340.0875549316406,
    "16": 241.10325622558594,
    "17": 285.6995544433594,
    "18": 266.02197265625,
    "19": 274.7146301269531,
    "20": 262.4140625,
    "21": 245.89865112304688,
    "22": 263.9362487792969,
    "23": 301.96563720703125,
    "24": 242.55813598632812,
    "25": 263.6142883300781,
    "26": 220.69859313964844,
    "27": 211.39263916015625,
    "28": 243.0137176513672,
    "29": 257.3558044433594,
    "30": 277.0660095214844,
    "31": 256.8746032714844,
    "32": 228.45266723632812,
    "33": 364.4345703125,
    "34": 298.72882080078125,
    "35": 284.2826843261719,
    "36": 256.77490234375,
    "37": 266.5187072753906,
    "38": 203.1891632080078,
    "39": 223.0624542236328,
    "40": 254.79627990722656,
    "41": 235.71124267578125,
    "42": 227.4741973876953,
    "43": 263.95306396484375,
    "44": 211.78338623046875,
    "45": 222.51144409179688,
    "46": 237.3222198486328,
    "47": 214.21218872070312,
    "48": 310.86016845703125,
    "49": 202.20306396484375
}