{"0": 54.91307067871094, "1": 17.457719109275125, "2": 6.758053432811391, "3": 2.8073152520439844, "4": 2.010000391439958, "5": 1.8842903483997693, "6": 1.7977639436721802, "7": 1.677882281216708, "8": 1.7401943098415027, "9": 1.6875649365511807, "10": 1.6734137806025418, "11": 1.6102912534366955, "12": 1.655854512344707, "13": 1.6115620623935352, "14": 1.5728040066632358, "15": 1.6389556689695879, "16": 1.5955671288750388, "17": 1.562069215557792, "18": 1.5779964165254072, "19": 1.5464934327385642, "20": 1.5455858273939653, "21": 1.5109452551061457, "22": 1.51806949485432, "23": 1.5821211446415295, "24": 1.5267492478544062, "25": 1.5147386680949817, "26": 1.5531699007207698, "27": 1.509246907450936, "28": 1.5281492200764744, "29": 1.5354038639502092, "30": 1.5149278424002908, "31": 1.512028694152832, "32": 1.5408689975738525, "33": 1.4848021810705012, "34": 1.4625260829925537, "35": 1.5076159130443225, "36": 1.5009079792282798, "37": 1.4709937084804883, "38": 1.5718595331365413, "39": 1.6983650055798618, "40": 1.6047784252600237, "41": 1.5004849704829128, "42": 1.487354045564478, "43": 1.4760399840094827, "44": 1.5425887866453691, "45": 1.4956166690046138, "46": 1.4973779645833103, "47": 1.5218120217323303, "48": 1.5597953742200679, "49": 1.4570619789036838, "50": 1.5525222474878484, "51": 1.4788658564740962, "52": 1.5491303259676152, "53": 1.517336363142187, "54": 1.5518247430974788, "55": 1.5166809992356733, "56": 1.5404800555922769, "57": 1.4778541868383235, "58": 1.5321504852988503, "59": 1.4941429658369585, "60": 1.4958284443075007, "61": 1.5947175459428267, "62": 1.536894142627716, "63": 1.5655790025537664, "64": 1.4391483014280146, "65": 1.4724839329719543, "66": 1.4892187714576721, "67": 1.587319932200692, "68": 1.495386085726998, "69": 1.5314763621850447, "70": 1.531713155182925, "71": 1.4504870501431553, "72": 1.5395783131772822, "73": 1.451474292711778, "74": 1.5054248300465671, "75": 1.5030159950256348, "76": 1.5205040736631914, "77": 1.4864203171296553, "78": 1.5182035023515874, "79": 1.538271508433602, "80": 1.5106937668540261, "81": 1.4936273856596514, "82": 1.486851686781103, "83": 1.5440447763963179, "84": 1.4949380159378052, "85": 1.5050990960814736, "86": 1.5363637100566516, "87": 1.5197505842555652, "88": 1.5154488628560847, "89": 1.4837937355041504, "90": 1.4747144092213025, "91": 1.5326337976889177, "92": 1.5358451496471057, "93": 1.634934425354004, "94": 1.5346576354720376, "95": 1.5042198788035999, "96": 1.453454927964644, "97": 1.5328195257620378, "98": 1.5048471201549878, "99": 1.4704674699089744}