{"0": 39.68673047152433, "1": 13.559036775068803, "2": 5.431874903765592, "3": 2.3954427350651133, "4": 1.9790182222019543, "5": 1.9398137872869319, "6": 1.5859441594644026, "7": 1.5612357258796692, "8": 1.5190647623755715, "9": 1.5245569619265469, "10": 1.4983619451522827, "11": 1.454433798789978, "12": 1.442644926634702, "13": 1.46525254574689, "14": 1.4191240397366611, "15": 1.3952896865931423, "16": 1.370590860193426, "17": 1.3773929205807773, "18": 1.3971753879026934, "19": 1.3877768191424282, "20": 1.3813477700406855, "21": 1.3460758599368008, "22": 1.3596543344584378, "23": 1.355430543422699, "24": 1.3298400911417874, "25": 1.3299297527833418, "26": 1.3277226307175376, "27": 1.3589162826538086, "28": 1.3444382656704297, "29": 1.344475962898948, "30": 1.3205716555768794, "31": 1.3158150098540566, "32": 1.3422744111581282, "33": 1.3353608358990063, "34": 1.3350583206523547, "35": 1.3289507248184897, "36": 1.341572181745009, "37": 1.308132523840124, "38": 1.3273668397556653, "39": 1.2846090956167742, "40": 1.3204926306551152, "41": 1.323277841914784, "42": 1.3074820800261064, "43": 1.2960588552735068, "44": 1.3102690306576816, "45": 1.3064029704440723, "46": 1.325881372798573, "47": 1.3300594145601445, "48": 1.3169620741497388, "49": 1.339684865691445, "50": 1.3138069022785535, "51": 1.3022391904484143, "52": 1.3375803232192993, "53": 1.3283050818876787, "54": 1.3482898582111706, "55": 1.2942299897020513, "56": 1.3065112666650252, "57": 1.3303783535957336, "58": 1.320167525248094, "59": 1.3221525387330488, "60": 1.3183912634849548, "61": 1.3379059000448748, "62": 1.3295985026793047, "63": 1.3224640596996655, "64": 1.338817905295979, "65": 1.3195913704958828, "66": 1.3293418938463384, "67": 1.288984856822274, "68": 1.324494475668127, "69": 1.337771930477836, "70": 1.3357918154109607, "71": 1.2995993332429365, "72": 1.3389280926097522, "73": 1.2927895296703686, "74": 1.3086483478546143, "75": 1.3301851966164329, "76": 1.3297543092207476, "77": 1.3146686391396956, "78": 1.308974266052246, "79": 1.311302981593392, "80": 1.3186536810614846, "81": 1.3323507417332043, "82": 1.3326770013028926, "83": 1.3455076922069897, "84": 1.3357130614194004, "85": 1.314983682198958, "86": 1.3158336932008916, "87": 1.3034212697635998, "88": 1.307116844437339, "89": 1.3358116312460466, "90": 1.3246836337176235, "91": 1.356495196169073, "92": 1.3266250599514355, "93": 1.3242642500183799, "94": 1.310295354236256, "95": 1.3368908166885376, "96": 1.3155369433489712, "97": 1.325245808471333, "98": 1.3105153062126853, "99": 1.3272198601202532}