{"0": 149.67417154814066, "1": 123.35291611520867, "2": 118.21688722309314, "3": 113.8491933722245, "4": 111.09320871453536, "5": 107.46316789325915, "6": 105.15628573769017, "7": 99.3542251586914, "8": 88.81567704050164, "9": 81.68612098693848, "10": 70.48315655557732, "11": 63.94923932928788, "12": 59.35702991485596, "13": 55.014548653050475, "14": 52.0975530022069, "15": 49.77139382613333, "16": 48.30026503613121, "17": 46.768385912242685, "18": 45.58659563566509, "19": 44.70802154039082, "20": 42.92083168029785, "21": 42.7137390437879, "22": 41.73644218946758, "23": 41.04970989729229, "24": 40.634663581848145, "25": 39.98046496039942, "26": 39.617217440354196, "27": 39.44311963884454, "28": 38.95916921214054, "29": 38.69385367945621, "30": 38.08112372850117, "31": 38.29353111668637, "32": 38.15581487354479, "33": 38.26597228803133, "34": 37.647091589475934, "35": 37.71024501951117, "36": 37.32713724437513, "37": 37.16169920720552, "38": 37.6357095617997, "39": 37.47178265922948, "40": 37.30990669601842, "41": 37.26838029058356, "42": 36.89266332827116, "43": 36.99490668899134, "44": 36.96894321943584, "45": 36.55455068538063, "46": 36.63741548437821, "47": 36.64243227557132, "48": 36.95439252100493, "49": 36.644640596289385, "50": 36.79547200704876, "51": 36.689071793305246, "52": 37.07368904665897, "53": 36.82834394354569, "54": 36.91592707132038, "55": 37.28225803375244, "56": 36.929080172588954, "57": 36.86294627189636, "58": 37.22762892120763, "59": 36.77536890381261, "60": 36.813382362064566, "61": 36.75186518618935, "62": 36.767338037490845, "63": 36.76485410489534, "64": 36.86394922356857, "65": 36.44864453767475, "66": 36.77722514303107, "67": 36.65399912783974, "68": 36.52664794419941, "69": 36.57692960688942, "70": 36.40850885290848, "71": 36.77505089107313, "72": 36.708850170436655, "73": 36.67929789894506, "74": 36.67069004711352, "75": 36.588369633022104, "76": 36.58820355565924, "77": 36.55575113547476, "78": 36.51721521427757, "79": 36.635279128426, "80": 36.59431236668637, "81": 36.527249687596374, "82": 36.705676442698426, "83": 36.79384596724259, "84": 37.022326143164385, "85": 36.9835517782914, "86": 36.88797320817646, "87": 36.67845729777687, "88": 36.726863735600524, "89": 36.58667491611681, "90": 36.819670376024746, "91": 36.72290035297996, "92": 36.70501468056127, "93": 36.99451060044138, "94": 36.4289544005143, "95": 36.72158270133169, "96": 36.61638003901432, "97": 36.57660526978342, "98": 36.74976077832674, "99": 36.5102567547246}