{"0": 15.8655232379311, "1": 15.37159666262175, "2": 15.356262683868408, "3": 15.273574954585024, "4": 15.290201839647795, "5": 15.230549235092965, "6": 15.21733045578003, "7": 15.130567625949258, "8": 15.4330987428364, "9": 15.325167078720895, "10": 15.150501928831401, "11": 15.110557982796117, "12": 15.055477945428146, "13": 15.142272146124588, "14": 14.854252664666427, "15": 14.575240637126722, "16": 14.814883608567087, "17": 14.564084554973402, "18": 14.635610781217876, "19": 14.352539639723929, "20": 14.416904926300049, "21": 13.976938423357511, "22": 13.963510287435431, "23": 13.953825323205246, "24": 13.858336900409899, "25": 13.842542171478271, "26": 13.865124213068109, "27": 13.837633195676302, "28": 13.760569672835501, "29": 13.71635012877615, "30": 13.950964463384528, "31": 13.620541321603875, "32": 14.160066253260561, "33": 13.374433203747397, "34": 14.379160529688784, "35": 13.676051579023662, "36": 13.855858526731792, "37": 13.785264680260106, "38": 13.634739925986842, "39": 13.379064359162983, "40": 13.226487699307894, "41": 13.42601930467706, "42": 13.314733204088713, "43": 13.9300066295423, "44": 13.77202336411727, "45": 13.805635427173815, "46": 13.279972189351133, "47": 13.532997231734427, "48": 13.525491827412656, "49": 13.630517281984028, "50": 13.649038490496183, "51": 13.917464231189928, "52": 13.552675711481195, "53": 13.46793112001921, "54": 13.35989519169456, "55": 13.290923959330508, "56": 13.361697284798874, "57": 13.595441805688958, "58": 13.788285933042827, "59": 13.48973580410606, "60": 13.374610461686787, "61": 13.869069777036968, "62": 13.661163957495438, "63": 13.690199927279824, "64": 13.625176868940654, "65": 13.576726185648065, "66": 13.909417691983675, "67": 13.758576518610903, "68": 13.531903103778237, "69": 13.496427799526014, "70": 13.491556807568198, "71": 13.740701876188579, "72": 13.340209848002383, "73": 13.392506084944072, "74": 13.29879587575009, "75": 13.911032726890163, "76": 13.300535076542905, "77": 13.30637354599802, "78": 13.80588926767048, "79": 13.711479099173294, "80": 13.378523625825581, "81": 13.985416613127056, "82": 13.898535653164512, "83": 13.652887670617355, "84": 13.45802166587428, "85": 13.317024180763646, "86": 13.649389505386353, "87": 13.65508676830091, "88": 13.706634621871146, "89": 13.472617425416646, "90": 13.507779711171201, "91": 13.44245753790203, "92": 13.317236436040778, "93": 13.30406211551867, "94": 13.280447721481323, "95": 13.757570141240171, "96": 13.26549556380824, "97": 13.450888345116063, "98": 13.28665522525185, "99": 13.633588753248516}