{"0": 16.11759735408582, "1": 15.43218765760723, "2": 15.267548661482962, "3": 15.353868534690456, "4": 15.315802950608102, "5": 15.27095947767559, "6": 15.242393192492033, "7": 15.218972507276034, "8": 15.192575831162301, "9": 15.161134619461862, "10": 15.127664315073114, "11": 15.135068491885537, "12": 15.160369371113024, "13": 15.014510204917507, "14": 15.299697675203022, "15": 14.8858659392909, "16": 14.663626595547324, "17": 14.974926823063901, "18": 14.661876076146177, "19": 14.601330255207262, "20": 14.371513191022371, "21": 14.36056839792352, "22": 14.28884882675974, "23": 14.280616559480366, "24": 14.301597545021458, "25": 14.17370753539236, "26": 14.057326919154116, "27": 14.042538090756064, "28": 13.899328181618138, "29": 13.754225705799303, "30": 13.909304593738756, "31": 13.99190912748638, "32": 13.896816303855495, "33": 13.770073489138955, "34": 13.659316113120632, "35": 13.530754490902549, "36": 13.610642081812808, "37": 13.6384899490758, "38": 13.568114682247764, "39": 13.89259207876105, "40": 13.53353500366211, "41": 13.821903103276304, "42": 13.725142152685867, "43": 13.752636708711323, "44": 13.64722392433568, "45": 13.944393634796143, "46": 13.738157322532253, "47": 13.655880275525545, "48": 14.112017757014224, "49": 13.6517172612642, "50": 13.618265076687461, "51": 13.72045027582269, "52": 13.877493306210166, "53": 13.628024025967246, "54": 13.593885773106626, "55": 13.551261098761307, "56": 13.661529842175936, "57": 13.738703401465164, "58": 13.860586015801681, "59": 13.776203406484504, "60": 13.765369339993125, "61": 13.657106123472515, "62": 13.615395696539627, "63": 13.79752718774896, "64": 13.707910713396574, "65": 13.526287279630962, "66": 13.517358754810534, "67": 13.636204418383146, "68": 13.777103775425962, "69": 13.382821434422544, "70": 13.73452675969977, "71": 13.523572846462852, "72": 13.492460301047878, "73": 13.683845520019531, "74": 13.705929128747238, "75": 13.763586822308993, "76": 13.489697556746634, "77": 13.768785100234183, "78": 13.70372328005339, "79": 13.580317748220343, "80": 13.562589394418817, "81": 13.704492443486265, "82": 13.712283611297607, "83": 13.530297304454603, "84": 13.579967574069375, "85": 13.551286973451314, "86": 13.564758426264712, "87": 13.71802063992149, "88": 13.584592367473402, "89": 13.49892204686215, "90": 13.875649251435933, "91": 13.49739082236039, "92": 13.544653666646857, "93": 13.534044290843763, "94": 13.579466618989644, "95": 13.882594961869088, "96": 13.713176827681693, "97": 13.59485596104672, "98": 13.506761174452933, "99": 13.904924944827432}