{"0": 10.979840538718484, "1": 6.348078164187345, "2": 3.3261818885803223, "3": 1.4516300450671802, "4": 1.0995951728387312, "5": 0.9826621792533181, "6": 0.9385323524475098, "7": 0.9297118457880887, "8": 0.9227270646528765, "9": 0.9288221814415671, "10": 0.8817961324344982, "11": 0.8839958472685381, "12": 0.8847823576493696, "13": 0.8646126606247642, "14": 0.8427939252419905, "15": 0.8534224304285917, "16": 0.8401349457827482, "17": 0.8526528098366477, "18": 0.8551840619607405, "19": 0.8347325270826166, "20": 0.8504409139806574, "21": 0.838914459401911, "22": 0.8284938335418701, "23": 0.8252210075205023, "24": 0.8246386863968589, "25": 0.8387667211619291, "26": 0.8303382830186323, "27": 0.8333076509562406, "28": 0.8206745873798024, "29": 0.8326856331391768, "30": 0.8409699255769904, "31": 0.8081594109535217, "32": 0.834875079718503, "33": 0.8253728909925981, "34": 0.826278957453641, "35": 0.8270123655145819, "36": 0.8320101716301658, "37": 0.8284065452488986, "38": 0.8271216587586836, "39": 0.8368301879275929, "40": 0.8233765092763033, "41": 0.8290813077579845, "42": 0.833360108462247, "43": 0.8374622951854359, "44": 0.820647884498943, "45": 0.8345063653859225, "46": 0.8184780532663519, "47": 0.8229452967643738, "48": 0.8180540908466686, "49": 0.8299735080112111, "50": 0.8304717594927008, "51": 0.8324835679747842, "52": 0.8208636316386136, "53": 0.82780968059193, "54": 0.8235219635746696, "55": 0.8375037800181996, "56": 0.8179836923425848, "57": 0.8307768377390775, "58": 0.8206554326144132, "59": 0.8323514678261497, "60": 0.8186462033878673, "61": 0.8133381442590193, "62": 0.8187509287487377, "63": 0.8206676678224043, "64": 0.8281511989506808, "65": 0.8291435837745667, "66": 0.8411519473249262, "67": 0.8224556987935846, "68": 0.8142156059091742, "69": 0.8284163691780784, "70": 0.8100947087461298, "71": 0.8275252472270619, "72": 0.8221517151052301, "73": 0.825218525799838, "74": 0.8609520955519243, "75": 0.8358534357764504, "76": 0.8331353230909868, "77": 0.817217696796764, "78": 0.8141224546865984, "79": 0.8344130461866205, "80": 0.8188248357989572, "81": 0.8258289369669828, "82": 0.8296203477816149, "83": 0.8321719169616699, "84": 0.8459037108854814, "85": 0.8320554603229869, "86": 0.8273082402619448, "87": 0.8332314057783647, "88": 0.8507380377162587, "89": 0.832180378111926, "90": 0.8114011721177534, "91": 0.8177450895309448, "92": 0.8207302310250022, "93": 0.8153529383919456, "94": 0.8171769055453214, "95": 0.8231777548789978, "96": 0.834951866756786, "97": 0.8154135996645148, "98": 0.8308565616607666, "99": 0.8260655890811573}