{"0": 7.185990333557129, "1": 6.487930774688721, "2": 6.413846969604492, "3": 7.998992443084717, "4": 6.418707847595215, "5": 7.201178073883057, "6": 8.684915542602539, "7": 6.418448448181152, "8": 6.689396381378174, "9": 5.888404846191406, "10": 6.187000751495361, "11": 5.274471759796143, "12": 5.189334869384766, "13": 6.3559465408325195, "14": 6.767746448516846, "15": 7.005280494689941, "16": 6.6246209144592285, "17": 5.97257661819458, "18": 7.009729862213135, "19": 6.517035484313965, "20": 5.826093673706055, "21": 7.383961200714111, "22": 6.411531925201416, "23": 6.279882431030273, "24": 5.332015037536621, "25": 6.420286178588867, "26": 6.606308460235596, "27": 6.054852485656738, "28": 6.378389835357666, "29": 6.986094951629639, "30": 5.964064121246338, "31": 6.173560619354248, "32": 6.1500091552734375, "33": 6.071605205535889, "34": 7.948132514953613, "35": 7.232870578765869, "36": 6.669114589691162, "37": 5.996581554412842, "38": 9.304574966430664, "39": 5.909955024719238, "40": 5.897953987121582, "41": 6.066307067871094, "42": 7.316244602203369, "43": 6.509922027587891, "44": 6.55375337600708, "45": 6.151356220245361, "46": 5.158527374267578, "47": 6.295141696929932, "48": 6.7825093269348145, "49": 6.23809289932251}